time,latitude,longitude,depth,mag,magType,nst,gap,dmin,rms,net,id,updated,place,type,horizontalError,depthError,magError,magNst,status,locationSource,magSource
2022-10-19T02:54:37.567Z,31.64591099,-104.3809226,6.285815430000001,2.8,ml,20,71,0.04478086133,0.2,tx,tx2022ulxd,2022-10-19T03:30:21.644Z,"58 km S of Whites City, New Mexico",earthquake,1.087628636,1.35260242,0.1,14,reviewed,tx,tx
2022-10-19T02:16:36.270Z,61.3918,-149.8199,20,2.9,ml,,,,0.49,ak,ak022dey7pl8,2022-10-19T03:36:53.329Z,"8 km SSW of Knik, Alaska",earthquake,,1.8,,,reviewed,ak,ak
2022-10-19T02:11:46.330Z,18.1881666666667,-67.1936666666667,104.59,3.18,md,14,152,0.194,0.15,pr,pr71378243,2022-10-19T02:59:38.940Z,"5 km WSW of Mayagüez, Puerto Rico",earthquake,1.04,0.55,0.0617834141099203,8,reviewed,pr,pr
2022-10-19T00:55:40.451Z,62.781,-151.7389,11.2,2.5,ml,,,,0.88,ak,ak022dex97lj,2022-10-19T00:57:19.517Z,"59 km WNW of Petersville, Alaska",earthquake,,0.8,,,automatic,ak,ak
2022-10-19T00:53:15.120Z,18.2223,-68.8055,131,3.8,md,19,243,0.5147,0.28,pr,pr2022292000,2022-10-19T01:44:51.147Z,"Mona Passage",earthquake,2.02,1.07,0.17,10,reviewed,pr,pr
2022-10-19T00:43:03.338Z,39.6826,143.4376,27.18,4.6,mb,44,146,2.126,0.56,us,us6000iunz,2022-10-19T01:08:59.040Z,"off the east coast of Honshu, Japan",earthquake,8.96,3.972,0.114,23,reviewed,us,us
2022-10-19T00:32:58.986Z,64.1108,-148.8449,11.2,2.5,ml,,,,0.4,ak,ak022dex4bnu,2022-10-19T00:34:53.716Z,"16 km NE of Ferry, Alaska",earthquake,,0.3,,,automatic,ak,ak
2022-10-19T00:12:19.253Z,-4.4272,134.6628,10,4.4,mb,21,168,2.837,1.06,us,us6000iuni,2022-10-19T01:04:38.040Z,"150 km SW of Nabire, Indonesia",earthquake,5.47,1.97,0.161,11,reviewed,us,us
2022-10-18T23:54:42.970Z,19.1283333333333,-66.5978333333333,20.45,3.2,md,15,254,0.651,0.08,pr,pr71378223,2022-10-19T00:36:34.540Z,"73 km N of Arecibo, Puerto Rico",earthquake,0.48,10.37,0.113086426148673,10,reviewed,pr,pr
2022-10-18T23:50:53.140Z,19.1213333333333,-66.6,21.05,3.27,md,19,253,0.6443,0.24,pr,pr71378213,2022-10-19T00:18:31.730Z,"72 km N of Arecibo, Puerto Rico",earthquake,0.99,17.47,0.161693087759161,16,reviewed,pr,pr
2022-10-18T22:47:50.060Z,19.4433333333333,-66.1638333333333,20.34,3.29,md,10,295,1.022,0.21,pr,pr71378183,2022-10-18T23:15:37.680Z,"108 km N of San Juan, Puerto Rico",earthquake,1.24,19.05,0.170427872913535,7,reviewed,pr,pr
2022-10-18T22:20:38.842Z,52.6312,160.2225,31.601,4.6,mb,44,120,13.877,0.59,us,us6000iumv,2022-10-18T23:58:37.040Z,"117 km ESE of Petropavlovsk-Kamchatsky, Russia",earthquake,8.44,6.111,0.085,41,reviewed,us,us
2022-10-18T22:20:11.135Z,-21.561,-68.533,144.683,4.4,mb,22,87,0.7,0.61,us,us6000iumt,2022-10-18T23:42:46.040Z,"Chile-Bolivia border region",earthquake,5.81,8.263,0.219,6,reviewed,us,us
2022-10-18T21:41:15.537Z,35.94973373,-97.88648224,1.219982982,2.75,ml,69,30.25552368,0.08264450729,0.757782605,ok,ok2022ulmv,2022-10-18T22:01:45.040Z,"4 km SSE of Dover, Oklahoma",earthquake,1.304550655,1.215856153,,52,automatic,ok,ok
2022-10-18T21:28:48.370Z,17.9496666666667,-67.013,8.6,2.52,md,13,224,0.03563,0.06,pr,pr71378168,2022-10-18T22:19:50.660Z,"4 km SE of La Parguera, Puerto Rico",earthquake,0.49,0.6,0.191536537381697,5,reviewed,pr,pr
2022-10-18T21:19:42.488Z,5.0964,124.7311,387.682,4,mb,38,113,2.134,0.53,us,us6000ium4,2022-10-18T21:38:03.040Z,"86 km SW of Balangonan, Philippines",earthquake,11.35,10.471,0.102,26,reviewed,us,us
2022-10-18T18:01:42.587Z,-24.4967,-179.1452,410.913,4.8,mb,52,124,4.917,0.86,us,us6000iukz,2022-10-18T18:29:27.040Z,"south of the Fiji Islands",earthquake,11.08,7.543,0.071,64,reviewed,us,us
2022-10-18T17:33:21.404Z,51.6319,174.664,31.045,4.4,mb,147,94,1.154,0.65,us,us6000iukv,2022-10-18T21:37:56.040Z,"168 km SE of Attu Station, Alaska",earthquake,6.67,5.281,0.045,149,reviewed,us,us
2022-10-18T17:14:01.405Z,3.188,127.9939,78.381,4.6,mb,82,108,2.481,0.85,us,us6000iuks,2022-10-18T21:06:10.040Z,"Pulau-Pulau Talaud, Indonesia",earthquake,7.77,3.026,0.07,67,reviewed,us,us
2022-10-18T13:44:39.200Z,17.9758333333333,-66.8408333333333,13.29,2.47,md,13,163,0.03658,0.1,pr,pr71377993,2022-10-18T14:15:38.400Z,"Puerto Rico region",earthquake,0.34,0.28,0.116844196033028,9,reviewed,pr,pr
2022-10-18T13:43:32.443Z,38.4517,73.4358,127.808,4.2,mb,19,137,1.636,0.55,us,us6000iuix,2022-10-18T14:13:00.040Z,"55 km NW of Murghob, Tajikistan",earthquake,7.8,10.718,0.306,3,reviewed,us,us
2022-10-18T13:41:57.522Z,52.662,-165.2126,10,3.3,ml,15,214,1.417,0.21,us,us6000iuiv,2022-10-18T14:01:03.040Z,"161 km SSE of Unalaska, Alaska",earthquake,5.46,2.004,0.081,20,reviewed,us,us
2022-10-18T12:54:26.079Z,-18.7392,169.4946,242.341,4.3,mb,20,118,3.939,0.2,us,us6000iuiq,2022-10-18T15:12:20.040Z,"91 km NNE of Isangel, Vanuatu",earthquake,7.33,12.908,0.137,15,reviewed,us,us
2022-10-18T12:19:20.670Z,18.8641666666667,-67.181,8.26,2.94,md,10,274,0.4001,0.65,pr,pr71377953,2022-10-18T12:47:16.610Z,"42 km NNW of San Antonio, Puerto Rico",earthquake,3.13,3.6,0.149441841394866,9,reviewed,pr,pr
2022-10-18T12:05:19.680Z,19.0656666666667,-66.4163333333333,14.62,3.26,md,11,271,0.5952,0.19,pr,pr71377948,2022-10-18T13:12:18.610Z,"66 km N of Brenas, Puerto Rico",earthquake,0.92,1.63,0.0297356371630875,6,reviewed,pr,pr
2022-10-18T11:46:04.607Z,-4.3466,125.3684,459.303,5,mb,90,31,4.184,0.69,us,us6000iuib,2022-10-18T12:06:04.040Z,"Banda Sea",earthquake,10.18,7.873,0.049,134,reviewed,us,us
2022-10-18T11:05:47.360Z,36.1445007,-121.6115036,9.96,2.69,md,42,164,0.04363,0.09,nc,nc73795221,2022-10-18T17:06:32.194Z,"14km NNW of Lopez Point, CA",earthquake,0.3,0.57,0.2,53,automatic,nc,nc
2022-10-18T10:27:24.948Z,37.8653,27.257,10,4.2,mb,56,41,1.2,0.36,us,us6000iui2,2022-10-19T01:52:55.040Z,"0 km N of Kuşadası, Turkey",earthquake,4.06,1.833,0.146,13,reviewed,us,us
2022-10-18T10:24:26.343Z,61.3889,-149.8561,14,3.5,ml,,,,0.88,ak,ak022ddfhisv,2022-10-19T03:11:53.732Z,"7 km ENE of Point MacKenzie, Alaska",earthquake,,0.3,,,reviewed,ak,ak
2022-10-18T09:33:52.733Z,58.3521,-150.4269,0,2.7,ml,,,,0.81,ak,ak022ddey33w,2022-10-18T12:42:50.040Z,"131 km ENE of Ouzinkie, Alaska",earthquake,,0.9,,,automatic,ak,ak
2022-10-18T09:03:46.712Z,53.9781,-35.1933,10,4.6,mb,77,54,9.046,0.31,us,us6000iuhp,2022-10-18T10:54:58.040Z,"Reykjanes Ridge",earthquake,9.41,1.889,0.058,90,reviewed,us,us
2022-10-18T07:35:33.566Z,-30.6997,-71.4659,47.379,5,mww,100,42,0.148,0.98,us,us6000iuhb,2022-10-19T01:46:04.040Z,"27 km WSW of Ovalle, Chile",earthquake,5.69,4.259,0.069,20,reviewed,us,us
2022-10-18T07:17:09.788Z,6.7649,-73.0408,163.646,4.7,mb,64,45,0.868,0.96,us,us6000iuha,2022-10-18T13:50:36.918Z,"7 km ENE of Jordán, Colombia",earthquake,7.28,6.779,0.026,444,reviewed,us,us
2022-10-18T04:57:06.277Z,-31.7237,-69.2843,123.184,4.2,mb,33,87,0.542,0.7,us,us6000iugu,2022-10-18T21:50:58.040Z,"45 km SSE of Calingasta, Argentina",earthquake,6.09,6.537,0.235,5,reviewed,us,us
2022-10-18T04:40:26.888Z,-17.94,-178.4384,602.868,4.2,mb,26,53,3.348,0.56,us,us6000iugs,2022-10-18T05:12:08.040Z,"Fiji region",earthquake,15.14,11.395,0.07,57,reviewed,us,us
2022-10-18T03:31:22.359Z,38.3093,39.0573,10,4,mb,35,77,0.965,0.5,us,us6000iugk,2022-10-18T11:52:49.623Z,"2 km E of Doğanyol, Turkey",earthquake,3.63,1.957,0.173,9,reviewed,us,us
2022-10-18T03:20:41.870Z,17.8668333333333,-66.902,12.69,2.64,md,13,220,0.1098,0.1,pr,pr71377883,2022-10-18T03:40:48.200Z,"11 km S of Guánica, Puerto Rico",earthquake,0.46,0.32,0.124411726221697,5,reviewed,pr,pr
2022-10-18T02:38:30.010Z,18.6246666666667,-66.6811666666667,13.56,2.97,md,14,228,0.2055,0.11,pr,pr71377878,2022-10-18T09:58:00.395Z,"17 km NNE of Arecibo, Puerto Rico",earthquake,0.43,0.53,0.100808689372758,2,reviewed,pr,pr
2022-10-18T01:24:45.738Z,4.4728,-87.4202,10,4.5,mb,42,186,6.235,0.73,us,us6000iug9,2022-10-18T02:08:38.040Z,"off the coast of Central America",earthquake,10.62,1.952,0.116,22,reviewed,us,us
2022-10-18T00:58:22.030Z,52.5063333333333,-169.482166666667,1.81,2.55,ml,5,278,,0.26,av,av91074913,2022-10-19T00:32:30.910Z,"63 km SW of Nikolski, Alaska",earthquake,3.13,3.17,0.157414464011003,5,reviewed,av,av
2022-10-18T00:46:53.767Z,41.3086,142.6815,41.164,4.4,mb,45,164,0.791,0.74,us,us6000iug4,2022-10-18T02:10:53.040Z,"116 km SSE of Shizunai-furukawachō, Japan",earthquake,7.1,8.967,0.095,32,reviewed,us,us
2022-10-17T23:01:39.026Z,11.3299,-85.6692,182.145,4.6,mb,66,128,0.571,0.72,us,us6000iufg,2022-10-17T23:25:56.040Z,"20 km SE of San Jorge, Nicaragua",earthquake,7.98,5.658,0.059,86,reviewed,us,us
2022-10-17T22:35:06.019Z,-21.6139,-66.8706,228.442,4.3,mb,25,104,1.8,0.56,us,us6000iufc,2022-10-17T22:56:52.040Z,"100 km SW of Atocha, Bolivia",earthquake,11.36,10.658,0.153,12,reviewed,us,us
2022-10-17T22:27:10.679Z,66.3418,-135.5537,21.1,3.3,ml,,,,0.85,ak,ak022dbz3zo2,2022-10-18T00:07:40.457Z,"northern Yukon Territory, Canada",earthquake,,0.5,,,reviewed,ak,ak
2022-10-17T22:23:19.402Z,18.2064,146.7122,54.16,4.9,mb,43,80,15.987,0.53,us,us6000iuf7,2022-10-17T22:45:33.040Z,"Pagan region, Northern Mariana Islands",earthquake,10.88,7.198,0.073,60,reviewed,us,us
2022-10-17T21:56:47.280Z,38.7931671,-122.7549973,0.56,2.56,md,54,45,0.008308,0.04,nc,nc73795046,2022-10-18T02:52:18.291Z,"2km N of The Geysers, CA",earthquake,0.12,0.21,0.08,31,automatic,nc,nc
2022-10-17T21:28:56.610Z,19.1658325195312,-155.511505126953,-0.0199999995529652,2.79,ml,43,117,,0.330000013,hv,hv73183502,2022-10-17T22:25:44.040Z,"5 km SW of Pāhala, Hawaii",earthquake,0.6,0.360000014,3.15,27,automatic,hv,hv
2022-10-17T21:01:35.917Z,61.2801,-144.6801,57.2,2.9,ml,,,,1.12,ak,ak022dbyd1ef,2022-10-17T21:06:24.505Z,"29 km SSW of Chitina, Alaska",earthquake,,11.4,,,automatic,ak,ak
2022-10-17T20:53:22.647Z,19.6834,-109.2785,10,4.6,mb,67,202,6.973,1.08,us,us6000iuen,2022-10-17T21:32:46.040Z,"Revilla Gigedo Islands region",earthquake,8.26,1.945,0.033,272,reviewed,us,us
2022-10-17T20:30:39.815Z,-16.5046,-173.3965,70.001,4.5,mb,29,75,2.209,0.45,us,us6000iuei,2022-10-17T21:19:31.040Z,"Tonga",earthquake,8.55,8.757,0.106,26,reviewed,us,us
2022-10-17T20:16:56.160Z,39.6415,-107.4845,4.677,2.9,ml,20,55,0.263,0.17,us,us6000iuec,2022-10-18T20:00:36.947Z,"8 km NNW of Chacra, Colorado",earthquake,2.03,4.88,0.042,76,reviewed,us,us
2022-10-17T17:15:58.870Z,19.1105003356934,-155.504837036133,11.5299997329712,2.71,ml,38,260,,0.189999998,hv,hv73183242,2022-10-17T19:04:55.214Z,"9 km ENE of Naalehu, Hawaii",earthquake,0.64,0.439999998,3.45,21,automatic,hv,hv
2022-10-17T16:49:04.444Z,44.3208,-115.1965,10,3.3,ml,22,147,0.946,0.48,us,us6000iud0,2022-10-18T15:06:52.799Z,"23 km WNW of Stanley, Idaho",earthquake,2.4,2.003,0.035,106,reviewed,us,us
2022-10-17T16:18:56.968Z,51.9848,178.1386,142.544,2.9,ml,11,162,0.233,0.52,us,us6000iucu,2022-10-17T16:44:02.040Z,"Rat Islands, Aleutian Islands, Alaska",earthquake,11.19,5.668,0.148,6,reviewed,us,us
2022-10-17T15:53:37.986Z,-49.7524,30.157,10,4.7,mb,24,95,18.705,0.4,us,us6000iubn,2022-10-17T16:16:01.040Z,"south of Africa",earthquake,8.28,1.909,0.127,22,reviewed,us,us
2022-10-17T15:24:11.710Z,40.3221664,-124.9733353,2.68,2.46,md,12,309,0.5092,0.25,nc,nc73794901,2022-10-17T17:55:14.684Z,"58km W of Petrolia, CA",earthquake,12.29,13.05,0.03,9,automatic,nc,nc
2022-10-17T13:38:22.745Z,-18.402,-69.2559,131.748,5.2,mww,85,54,0.248,0.62,us,us6000iuad,2022-10-17T16:35:56.989Z,"101 km SE of Palca, Peru",earthquake,3.85,5.857,0.098,10,reviewed,us,us
2022-10-17T13:20:39.000Z,21.4258,121.2048,9.224,5,mww,78,78,1.39,0.52,us,us6000iuac,2022-10-17T14:51:06.447Z,"79 km SE of Hengchun, Taiwan",earthquake,7.74,3.563,0.093,11,reviewed,us,us
2022-10-17T13:12:46.073Z,0.0146,123.4768,141.368,5,mww,72,46,1.264,0.71,us,us6000iuaa,2022-10-18T15:04:46.259Z,"73 km SE of Gorontalo, Indonesia",earthquake,5.03,6.348,0.093,11,reviewed,us,us
2022-10-17T11:44:23.662Z,-5.1162,153.4583,63.98,4.8,mb,37,72,1.584,1.22,us,us6000iua2,2022-10-17T12:50:06.040Z,"157 km ESE of Kokopo, Papua New Guinea",earthquake,8.94,7.9,0.084,44,reviewed,us,us
2022-10-17T09:38:16.621Z,-12.7146,-76.7555,46.78,4.2,mb,16,193,0.728,0.67,us,us6000iu9l,2022-10-17T23:25:01.005Z,"near the coast of central Peru",earthquake,11.29,12.424,0.216,6,reviewed,us,us
2022-10-17T08:48:23.544Z,33.5975,81.8842,10,4.7,mb,91,77,6.475,0.62,us,us6000iu98,2022-10-17T09:29:46.040Z,"western Xizang",earthquake,8,1.849,0.069,66,reviewed,us,us
2022-10-17T08:13:47.101Z,-3.1374,130.5232,10,5.1,mb,58,54,1.737,1.08,us,us6000iu94,2022-10-17T08:34:03.040Z,"179 km E of Amahai, Indonesia",earthquake,6.44,1.869,0.072,62,reviewed,us,us
2022-10-17T08:08:41.674Z,0.767,-85.2366,10,4.3,mb,26,118,5.248,0.62,us,us6000iu97,2022-10-17T09:01:07.040Z,"off the coast of Ecuador",earthquake,8.82,1.976,0.2,7,reviewed,us,us
2022-10-17T08:04:06.630Z,59.8017,-152.8558,108,2.5,ml,,,,0.32,ak,ak022dbqmzg5,2022-10-18T08:06:35.040Z,"Southern Alaska",earthquake,,0.4,,,automatic,ak,ak
2022-10-17T07:55:01.582Z,0.9786,-85.2555,10,4.5,mb,75,94,5.292,0.85,us,us6000iu8z,2022-10-17T08:31:02.040Z,"off the coast of Ecuador",earthquake,8.41,1.943,0.081,45,reviewed,us,us
2022-10-17T07:50:46.890Z,64.765,-140.7892,10,3,ml,40,64,0.159,0.31,us,us6000iu8x,2022-10-18T07:19:15.040Z,"15 km E of Eagle Village, Alaska",earthquake,2.85,1.725,0.038,90,reviewed,us,us
2022-10-17T07:04:57.470Z,17.9505,-66.8406666666667,12.33,2.48,md,12,209,0.04411,0.13,pr,pr71377683,2022-10-17T07:30:01.830Z,"5 km SSW of Indios, Puerto Rico",earthquake,0.55,0.41,0.175188935259246,4,reviewed,pr,pr
2022-10-17T06:20:37.673Z,59.7486,-153.127,106.2,4.1,ml,,,,0.72,ak,ak022dbpjlyw,2022-10-17T22:04:49.065Z,"Southern Alaska",earthquake,,0.1,,,reviewed,ak,ak
2022-10-17T06:13:52.360Z,17.9361666666667,-66.8796666666667,12.36,2.65,md,18,184,0.03868,0.13,pr,pr71377673,2022-10-17T06:51:32.230Z,"4 km SSE of Maria Antonia, Puerto Rico",earthquake,0.4,0.35,0.0818140974739716,7,reviewed,pr,pr
2022-10-17T05:36:24.310Z,19.4291666666667,-155.6225,0.46,3.11,ml,40,107,,0.12,hv,hv73182627,2022-10-17T07:21:47.515Z,"25 km E of Honaunau-Napoopoo, Hawaii",earthquake,0.26,0.46,0.152616497138572,35,reviewed,hv,hv
2022-10-17T05:25:28.830Z,33.4506667,-116.888,12.71,2.56,ml,122,21,0.0367,0.21,ci,ci40362256,2022-10-18T08:38:33.040Z,"2km WNW of Aguanga, CA",earthquake,0.11,0.37,0.184,170,reviewed,ci,ci
2022-10-17T04:57:01.277Z,-7.1858,129.5672,158.259,4.3,mb,12,140,1.89,0.73,us,us6000iu8d,2022-10-17T05:16:29.040Z,"Kepulauan Babar, Indonesia",earthquake,13.74,11.84,0.188,9,reviewed,us,us
2022-10-17T04:40:56.060Z,38.8250008,-122.7641678,1.96,2.45,md,50,60,0.007069,0.05,nc,nc73794746,2022-10-18T01:27:00.419Z,"4km W of Cobb, CA",earthquake,0.15,0.25,0.14,33,automatic,nc,nc
2022-10-17T04:38:26.850Z,17.9498333333333,-66.9135,14.92,2.49,md,11,207,0.04113,0.09,pr,pr71377658,2022-10-17T04:58:32.040Z,"2 km SSW of Guánica, Puerto Rico",earthquake,0.56,0.44,0.137263818384991,5,reviewed,pr,pr
2022-10-17T03:42:16.140Z,18.5169,145.2661,594.964,4.3,mb,82,64,15.339,0.54,us,us6000iu88,2022-10-17T04:09:06.040Z,"Pagan region, Northern Mariana Islands",earthquake,11.89,7.63,0.049,120,reviewed,us,us
2022-10-17T03:11:31.130Z,18.541,-68.9241,130,4.18,md,32,151,0.5434,0.19,pr,pr2022290002,2022-10-17T03:55:43.429Z,"7 km SE of Guaymate, Dominican Republic",earthquake,3.21,1.3,0.07,24,reviewed,pr,pr
2022-10-17T03:10:07.433Z,-47.6784,165.4569,43.36,4.1,mb,17,124,1.73,0.44,us,us6000iu85,2022-10-17T03:51:08.040Z,"244 km SW of Riverton, New Zealand",earthquake,13.09,13.005,0.186,8,reviewed,us,us
2022-10-17T02:55:55.200Z,17.954,-66.503,11.28,2.73,md,12,111,0.07101,0.14,pr,pr71377623,2022-10-17T04:24:13.740Z,"4 km S of Potala Pastillo, Puerto Rico",earthquake,0.34,0.44,0.161177106803025,4,reviewed,pr,pr
2022-10-17T02:04:56.200Z,17.9513333333333,-66.5116666666667,10.9,2.53,md,14,106,0.06624,0.11,pr,pr71377603,2022-10-17T04:18:10.420Z,"4 km SSW of Potala Pastillo, Puerto Rico",earthquake,0.26,0.32,0.0789243436810609,8,reviewed,pr,pr
2022-10-17T01:57:49.007Z,10.9623,125.3069,119.36,4.7,mb,55,106,3.877,0.6,us,us6000iu7t,2022-10-17T02:33:51.040Z,"Leyte, Philippines",earthquake,7.79,5.053,0.076,53,reviewed,us,us
2022-10-17T01:38:53.090Z,19.716,-68.0738,15,3.85,md,19,228,1.1931,0.32,pr,pr2022290001,2022-10-17T02:35:03.640Z,"130 km NNE of Punta Cana, Dominican Republic",earthquake,1.56,3.63,0.09,8,reviewed,pr,pr
2022-10-17T01:19:01.580Z,18.1576,-68.1286,92,3.66,md,14,332,0.4369,0.45,pr,pr2022290000,2022-10-17T02:00:24.860Z,"55 km SSE of Punta Cana, Dominican Republic",earthquake,3.64,4.61,0.1,8,reviewed,pr,pr
2022-10-17T01:08:26.310Z,17.9298333333333,-66.7521666666667,7.17,2.59,md,11,178,0.08421,0.17,pr,pr71377538,2022-10-17T01:24:22.660Z,"8 km SSW of Tallaboa, Puerto Rico",earthquake,0.53,0.36,0.171838463358113,9,reviewed,pr,pr
2022-10-17T01:04:35.164Z,44.7306,-114.395,10,2.6,ml,20,73,1.105,0.91,us,us6000iu7d,2022-10-17T14:26:51.841Z,"southern Idaho",earthquake,2.16,1.991,0.064,32,reviewed,us,us
2022-10-17T00:22:58.430Z,17.902,-66.8833333333333,6.2,2.59,md,6,250,0.07276,0.1,pr,pr71377523,2022-10-17T00:38:41.620Z,"8 km SSE of Guánica, Puerto Rico",earthquake,0.72,0.46,0.127853520299266,2,reviewed,pr,pr
2022-10-16T23:34:12.593Z,63.8128,-23.4825,10,4.5,mb,86,77,1.329,0.58,us,us6000iu76,2022-10-17T00:22:58.040Z,"Iceland region",earthquake,7.06,1.875,0.064,73,reviewed,us,us
2022-10-16T23:08:00.879Z,14.8467,42.4621,10,4.4,mb,56,91,3.317,0.94,us,us6000iu72,2022-10-16T23:26:51.040Z,"53 km W of Al Ḩudaydah, Yemen",earthquake,7.06,1.839,0.078,47,reviewed,us,us
2022-10-16T22:55:36.410Z,41.5423333,-125.2436667,9.44,2.85,md,28,235,0.9162,0.2,nc,nc73794681,2022-10-17T11:03:17.255Z,"90km WSW of Crescent City, CA",earthquake,1.91,31.61,0.142,41,reviewed,nc,nc
2022-10-16T22:36:39.393Z,4.2055,-87.6662,10,4.3,mb,29,116,5.509,0.53,us,us6000iu6u,2022-10-17T01:05:52.040Z,"off the coast of Central America",earthquake,9.23,1.942,0.137,15,reviewed,us,us
2022-10-16T22:26:18.874Z,13.7523,120.7276,206.964,4.4,mb,40,115,14.031,0.5,us,us6000iu70,2022-10-17T00:55:06.040Z,"10 km SSE of Hukay, Philippines",earthquake,10.6,5.739,0.098,30,reviewed,us,us
2022-10-16T20:43:51.670Z,18.3415,-64.049,44,3.48,md,4,352,0.9076,0.07,pr,pr2022289000,2022-10-16T22:18:14.728Z,"78 km E of Cruz Bay, U.S. Virgin Islands",earthquake,3.57,6.94,0.14,3,reviewed,pr,pr
2022-10-16T20:10:26.310Z,37.5195,-118.8795,5.76,2.83,md,34,57,0.081,0.05,nc,nc73794591,2022-10-17T09:15:47.719Z,"16km SE of Mammoth Lakes, CA",earthquake,0.23,0.76,0.148,42,reviewed,nc,nc
2022-10-16T19:36:38.172Z,55.6793,-155.6421,5,3.2,ml,,,,0.68,ak,ak022da9ubl4,2022-10-16T21:07:08.249Z,"167 km SSW of Akhiok, Alaska",earthquake,,0,,,reviewed,ak,ak
2022-10-16T19:16:50.256Z,31.63970947,-104.2222037,6.969604492,2.5,ml,10,102,0.04837868117,0.1,tx,tx2022uhrb,2022-10-17T22:26:20.728Z,"54 km NW of Toyah, Texas",earthquake,1.877301141,1.774732227,0.2,7,reviewed,tx,tx
2022-10-16T18:53:08.555Z,8.5344,-82.7055,30.822,4.5,mb,22,143,0.259,1.14,us,us6000iu5n,2022-10-17T05:52:47.220Z,"1 km NNW of Santa Marta, Panama",earthquake,4.49,9.606,0.27,4,reviewed,us,us
2022-10-16T18:45:45.378Z,41.4876,142.1725,61.656,4.2,mb,16,159,0.906,1.05,us,us6000iu5m,2022-10-16T20:10:28.040Z,"82 km ENE of Mutsu, Japan",earthquake,7.94,11.421,0.177,9,reviewed,us,us
2022-10-16T17:44:36.419Z,31.6426,-104.2207,5,2.5,mb_lg,27,104,0.24,0.33,us,us6000iu5f,2022-10-16T19:12:13.040Z,"54 km NW of Toyah, Texas",earthquake,1.29,1.547,0.093,39,reviewed,us,us
2022-10-16T17:38:59.314Z,31.65325697,-104.2222172,10.03918457,2.5,ml,54,59,0.04076619946,0.2,tx,tx2022uhnv,2022-10-18T13:02:49.044Z,"55 km NW of Toyah, Texas",earthquake,0.6172579691999999,0.8130258635,0.1,24,reviewed,tx,tx
2022-10-16T16:43:25.972Z,15.3924,-92.949,97.141,4.2,mb,78,145,1.18,0.41,us,us6000iu55,2022-10-16T17:24:26.040Z,"6 km SW of Mapastepec, Mexico",earthquake,8.53,8.193,0.053,101,reviewed,us,us
2022-10-16T15:02:05.828Z,40.1791,83.1992,10.475,4.9,mb,76,88,4.197,0.34,us,us6000iu4w,2022-10-16T15:51:48.040Z,"southern Xinjiang, China",earthquake,8.95,4.316,0.063,80,reviewed,us,us
2022-10-16T14:45:01.515Z,11.1363,-85.8147,84.651,4.2,mb,32,144,0.55,0.34,us,us6000iu4t,2022-10-16T15:41:47.040Z,"14 km SSE of San Juan del Sur, Nicaragua",earthquake,5.88,7.371,0.128,17,reviewed,us,us
2022-10-16T14:39:19.549Z,50.8448,-179.2409,10,4.6,mb,110,147,0.759,0.53,us,us6000iu4u,2022-10-16T15:48:59.040Z,"214 km WSW of Adak, Alaska",earthquake,5.25,1.871,0.04,192,reviewed,us,us
2022-10-16T12:59:33.127Z,58.3665,-155.8365,163.1,2.6,ml,,,,0.39,ak,ak022da5t6yg,2022-10-16T15:37:19.592Z,"59 km SE of King Salmon, Alaska",earthquake,,1.3,,,reviewed,ak,ak
2022-10-16T12:48:21.991Z,4.3766,-87.5145,10,6.3,mww,50,80,5.731,1.49,us,us6000iu4b,2022-10-17T20:57:31.040Z,"off the coast of Central America",earthquake,6.32,1.871,0.056,31,reviewed,us,us
2022-10-16T10:47:45.390Z,19.3904991149902,-155.274993896484,1.05999994277954,2.58,ml,35,49,,0.170000002,hv,hv73181687,2022-10-16T10:53:16.960Z,"7 km SW of Volcano, Hawaii",earthquake,0.21,0.140000001,0.42,11,automatic,hv,hv
2022-10-16T10:19:49.730Z,19.1313333333333,-66.073,23.02,2.97,md,13,260,,0.21,pr,pr71377383,2022-10-16T21:40:38.939Z,"73 km N of San Juan, Puerto Rico",earthquake,1.03,16.59,0.0373960615483566,6,reviewed,pr,pr
2022-10-16T10:07:34.120Z,18.9311666666667,-64.9896666666667,25.18,2.96,md,13,274,,0.27,pr,pr71377373,2022-10-16T10:56:55.830Z,"Virgin Islands",earthquake,1.31,11.93,0.0322384643920635,9,reviewed,pr,pr
2022-10-16T10:00:05.340Z,31.5256667,-115.78,17.2,2.59,ml,11,162,0.1339,0.13,ci,ci40361912,2022-10-18T16:41:25.040Z,"78km ESE of Maneadero, B.C., MX",earthquake,0.63,0.82,0.124,39,reviewed,ci,ci
2022-10-16T09:05:29.600Z,19.154167175293,-155.515502929688,12.7399997711182,2.93,ml,42,150,,0.189999998,hv,hv73181557,2022-10-16T09:37:28.040Z,"6 km SW of Pāhala, Hawaii",earthquake,0.53,0.400000006,3.47,29,automatic,hv,hv
2022-10-16T08:54:31.106Z,39.3644,78.2731,10,4.9,mb,86,65,2.389,0.62,us,us6000iu3h,2022-10-16T09:49:39.040Z,"138 km NE of Shache, China",earthquake,2.03,1.857,0.057,96,reviewed,us,us
2022-10-16T08:51:25.180Z,31.61773682,-104.1171637,5.893595378,2.9,ml,11,75,0.0897360974,0.2,tx,tx2022ugwk,2022-10-17T22:36:56.197Z,"45 km NW of Toyah, Texas",earthquake,0.8176285941,2.20338488,2,7,reviewed,tx,tx
2022-10-16T07:39:47.900Z,17.962,-66.9435,12.61,2.48,md,13,198,,0.11,pr,pr71377348,2022-10-16T08:05:11.850Z,"3 km WSW of Guánica, Puerto Rico",earthquake,0.5,0.33,0.165408701200608,8,reviewed,pr,pr
2022-10-16T05:37:33.510Z,19.1574993133545,-155.470336914062,30.1000003814697,2.68,ml,43,159,,0.119999997,hv,hv73181372,2022-10-16T05:50:33.040Z,"5 km S of Pāhala, Hawaii",earthquake,0.64,0.860000014,3.73,23,automatic,hv,hv
2022-10-16T05:07:37.340Z,19.1354999542236,-155.492004394531,6.55000019073486,2.5,ml,42,161,,0.270000011,hv,hv73181327,2022-10-16T05:20:40.040Z,"7 km S of Pāhala, Hawaii",earthquake,0.58,1.00999999,4.06,16,automatic,hv,hv
2022-10-16T04:25:12.796Z,-18.1692,-178.3329,591.18,4.2,mb,34,84,3.466,0.84,us,us6000iu2p,2022-10-16T04:39:53.040Z,"Fiji region",earthquake,14.42,9.695,0.086,39,reviewed,us,us
2022-10-16T04:13:19.415Z,48.3412,8.9948,10,3.4,ml,22,59,0.444,0.74,us,us6000iu2l,2022-10-17T06:36:54.973Z,"Germany",earthquake,4.7,1.994,0.062,34,reviewed,us,us
2022-10-16T03:30:04.011Z,-24.5333,-67.0419,159.973,4.1,mb,27,78,1.888,0.62,us,us6000iu2e,2022-10-16T03:57:25.040Z,"81 km WSW of San Antonio de los Cobres, Argentina",earthquake,9.56,9.229,0.174,9,reviewed,us,us
2022-10-16T03:15:25.003Z,-59.4436,-25.6525,35,4.9,mb,22,88,7.869,1.18,us,us6000iu2a,2022-10-16T03:38:24.040Z,"South Sandwich Islands region",earthquake,9.01,1.906,0.125,20,reviewed,us,us
2022-10-16T03:14:29.010Z,19.1706657409668,-155.469161987305,30.5200004577637,2.58,ml,43,155,,0.129999995,hv,hv73181187,2022-10-16T03:21:39.040Z,"3 km SSE of Pāhala, Hawaii",earthquake,0.52,0.720000029,3.61,16,automatic,hv,hv
2022-10-16T03:08:34.500Z,19.1725006103516,-155.466827392578,31.5300006866455,2.56,ml,45,95,,0.109999999,hv,hv73181182,2022-10-16T03:18:22.040Z,"3 km SSE of Pāhala, Hawaii",earthquake,0.53,0.939999998,4.44,4,automatic,hv,hv
2022-10-16T02:48:44.783Z,31.99844763,-103.8303376,7.468383789,3.2,ml,32,57,0.02436231626,0.2,tx,tx2022ugkl,2022-10-16T03:06:09.988Z,"33 km SE of Malaga, New Mexico",earthquake,0.6477545008999999,0.7125350231,0.2,13,reviewed,tx,tx
2022-10-16T01:00:49.997Z,-10.2614,124.9306,10,4.1,mb,13,105,0.825,1.17,us,us6000iu2i,2022-10-16T03:55:23.040Z,"Timor region, Indonesia",earthquake,6.28,1.943,0.301,3,reviewed,us,us
2022-10-16T00:55:48.996Z,54.8861,162.9698,10,4.4,mb,43,164,3.162,0.5,us,us6000iu1r,2022-10-16T04:12:22.040Z,"152 km SSE of Ust’-Kamchatsk Staryy, Russia",earthquake,12.87,1.945,0.092,34,reviewed,us,us
2022-10-16T00:52:13.929Z,22.879,95.9488,10,4.6,mb,59,104,2.33,0.66,us,us6000iu1q,2022-10-18T15:38:45.282Z,"42 km NE of Shwebo, Myanmar",earthquake,5.18,1.865,0.084,42,reviewed,us,us
2022-10-15T21:45:21.466Z,-24.311,-67.0627,172.001,4.3,mb,30,61,1.696,0.88,us,us6000iu0l,2022-10-15T22:31:26.040Z,"76 km W of San Antonio de los Cobres, Argentina",earthquake,5,12.257,0.168,10,reviewed,us,us
2022-10-15T21:22:49.030Z,-8.5914,118.8308,142.339,4.8,mb,76,44,1.068,1.18,us,us6000iu0d,2022-10-15T21:42:03.040Z,"18 km SE of Bima, Indonesia",earthquake,7.36,6.185,0.067,69,reviewed,us,us
2022-10-15T20:34:41.400Z,19.132833480835,-155.485336303711,11.9700002670288,2.76,ml,43,164,,0.180000007,hv,hv73180807,2022-10-16T07:39:37.109Z,"7 km S of Pāhala, Hawaii",earthquake,0.54,0.430000007,3.46,24,automatic,hv,hv
2022-10-15T20:09:58.893Z,64.9748,-150.6303,19,2.6,ml,,,,0.75,ak,ak022d8mqob4,2022-10-15T21:56:55.040Z,"2 km S of Manley Hot Springs, Alaska",earthquake,,0.2,,,reviewed,ak,ak
2022-10-15T19:53:46.780Z,19.1331672668457,-155.490997314453,11.75,2.64,ml,40,163,,0.209999993,hv,hv73180742,2022-10-15T21:50:39.040Z,"7 km S of Pāhala, Hawaii",earthquake,0.53,0.469999999,4.03,11,automatic,hv,hv
2022-10-15T19:18:08.970Z,18.3345,-68.8763,106,3.98,md,25,177,0.5264,0.54,pr,pr2022288001,2022-10-15T21:33:31.040Z,"Mona Passage",earthquake,3.15,1.79,0.16,19,reviewed,pr,pr
2022-10-15T19:09:22.734Z,31.68204991,-104.4070829,6.234399414,2.5,ml,11,95,0.03350912411,0.1,tx,tx2022ufvh,2022-10-17T22:20:35.737Z,"western Texas",earthquake,1.215873261,1.083590017,0.1,9,reviewed,tx,tx
2022-10-15T18:42:38.380Z,19.1159992218018,-155.503173828125,9.19999980926514,2.55,ml,38,230,,0.25,hv,hv73180667,2022-10-15T21:55:49.040Z,"9 km ENE of Naalehu, Hawaii",earthquake,0.57,0.660000026,3.75,6,automatic,hv,hv
2022-10-15T18:31:00.879Z,-7.339,128.8341,163.8,5.2,mww,171,22,2.525,0.59,us,us6000itze,2022-10-18T17:51:04.246Z,"240 km ENE of Lospalos, Timor Leste",earthquake,3.85,4.4,0.057,30,reviewed,us,us
2022-10-15T18:08:45.281Z,12.092,143.9029,10,5.1,mb,135,54,1.761,0.79,us,us6000itzf,2022-10-18T18:19:04.017Z,"154 km SSW of Merizo Village, Guam",earthquake,7.15,1.841,0.046,160,reviewed,us,us
2022-10-15T17:30:41.780Z,38.765,-122.7143333,1.69,3.14,ml,91,23,0.008906,0.06,nc,nc73793981,2022-10-17T21:15:55.707Z,"2km WSW of Anderson Springs, CA",earthquake,0.11,0.15,0.126,56,reviewed,nc,nc
2022-10-15T17:29:46.841Z,6.8938,-73.0981,145.889,4.4,mb,55,128,0.995,0.82,us,us6000itz5,2022-10-15T21:22:50.040Z,"11 km SSW of Piedecuesta, Colombia",earthquake,7.27,10.49,0.066,66,reviewed,us,us
2022-10-15T16:52:03.834Z,38.1836,-117.8566,7.5,2.9,ml,21,86.13,0.092,0.1459,nn,nn00849345,2022-10-17T18:31:36.980Z,"31 km SE of Mina, Nevada",earthquake,,2,0.52,6,reviewed,nn,nn
2022-10-15T15:42:13.390Z,19.1636657714844,-155.361663818359,30.3299999237061,2.7,ml,46,221,,0.109999999,hv,hv73180442,2022-10-15T15:47:44.290Z,"13 km ESE of Pāhala, Hawaii",earthquake,0.63,0.790000021,3.95,23,automatic,hv,hv
2022-10-15T15:25:02.521Z,35.956,139.0749,131.306,4.5,mb,40,119,0.912,0.99,us,us6000ityl,2022-10-16T13:35:39.643Z,"3 km S of Chichibu, Japan",earthquake,6.48,6.468,0.118,24,reviewed,us,us
2022-10-15T15:14:25.982Z,8.8506,126.8371,35,4.9,mb,54,104,2.164,0.78,us,us6000ityh,2022-10-15T15:49:49.040Z,"Mindanao, Philippines",earthquake,10.12,1.901,0.068,73,reviewed,us,us
2022-10-15T14:41:05.613Z,-32.6745,-71.2973,56.955,4.8,mwr,37,104,0.456,0.77,us,us6000ity7,2022-10-16T01:35:39.090Z,"14 km NNW of Hacienda La Calera, Chile",earthquake,4.45,5.828,,,reviewed,us,guc
2022-10-15T13:05:48.540Z,19.1200008392334,-155.483337402344,13.0200004577637,3.29,ml,43,169,,0.209999993,hv,hv73180242,2022-10-18T00:07:13.494Z,"9 km S of Pāhala, Hawaii",earthquake,0.58,0.370000005,3.43,30,automatic,hv,hv
2022-10-15T12:58:58.109Z,60.7357,-146.607,19.9,3,ml,,,,0.7,ak,ak022d8i9php,2022-10-15T13:09:13.040Z,"14 km SSE of Tatitlek, Alaska",earthquake,,0.2,,,automatic,ak,ak
2022-10-15T12:50:58.006Z,60.7447,-146.5947,20.1,3.1,ml,,,,0.59,ak,ak022d8i7zr2,2022-10-15T12:59:53.040Z,"Southern Alaska",earthquake,,0.3,,,automatic,ak,ak
2022-10-15T12:36:25.940Z,18.7536666666667,-67.1246666666667,13.55,3.19,md,35,204,,0.25,pr,pr71377228,2022-10-15T13:12:48.270Z,"29 km N of San Antonio, Puerto Rico",earthquake,0.47,0.67,0.126319552345501,21,reviewed,pr,pr
2022-10-15T12:07:45.934Z,59.6764,-152.6748,82.3,3.6,ml,,,,0.88,ak,ak022d8hyqxh,2022-10-18T10:38:37.013Z,"48 km WSW of Anchor Point, Alaska",earthquake,,0.1,,,reviewed,ak,ak
2022-10-15T11:22:45.490Z,17.9403333333333,-66.2535,6.91,2.64,md,15,194,,0.24,pr,pr71377203,2022-10-15T11:56:25.890Z,"3 km WSW of Central Aguirre, Puerto Rico",earthquake,0.62,0.78,0.252698888115701,8,reviewed,pr,pr
2022-10-15T10:48:07.030Z,19.1458339691162,-155.488327026367,1.85000002384186,2.82,ml,39,159,,0.230000004,hv,hv73180097,2022-10-15T11:05:02.040Z,"6 km S of Pāhala, Hawaii",earthquake,0.5,0.769999981,3.47,29,automatic,hv,hv
2022-10-15T07:39:52.720Z,-2.212,-79.9247,67.742,4.7,mb,97,132,1.273,0.74,us,us6000itwi,2022-10-17T03:51:54.757Z,"near the coast of Ecuador",earthquake,7.92,7.065,0.06,83,reviewed,us,us
2022-10-15T06:52:57.102Z,-21.5742,-68.5724,136.191,4.2,mb,26,60,0.661,0.85,us,us6000itw9,2022-10-15T07:14:10.040Z,"Antofagasta, Chile",earthquake,7,7.848,0.2,7,reviewed,us,us
2022-10-15T06:52:01.731Z,59.5522,-153.1404,121.3,2.6,ml,,,,0.26,ak,ak022d8enp7l,2022-10-15T07:02:07.040Z,"60 km ESE of Pedro Bay, Alaska",earthquake,,0.6,,,automatic,ak,ak
2022-10-15T06:23:29.230Z,17.981,-66.8585,19.05,2.73,md,13,179,,0.08,pr,pr71377183,2022-10-15T06:42:40.120Z,"3 km E of Maria Antonia, Puerto Rico",earthquake,0.39,0.31,0.0851675165866066,5,reviewed,pr,pr
2022-10-15T05:47:18.230Z,19.1459999084473,-155.50666809082,4.26000022888184,2.48,ml,34,146,,0.300000012,hv,hv73179807,2022-10-15T07:10:06.040Z,"6 km SSW of Pāhala, Hawaii",earthquake,0.62,1.98000002,4.05,12,automatic,hv,hv
2022-10-15T05:37:08.093Z,-17.3823,-70.1423,128.708,4.5,mb,29,140,0.665,1.01,us,us6000itvx,2022-10-15T05:53:01.040Z,"1 km SW of Sitajara, Peru",earthquake,5.96,5.258,0.102,28,reviewed,us,us
2022-10-15T05:23:12.195Z,-3.9073,-80.7716,52.325,4.5,mb,42,173,0.789,0.54,us,us6000itvu,2022-10-15T08:19:30.843Z,"Peru-Ecuador border region",earthquake,7.98,3.331,0.104,27,reviewed,us,us
2022-10-15T05:17:34.150Z,33.4841667,-116.4263333,6.14,2.45,ml,103,26,0.03913,0.19,ci,ci40361368,2022-10-16T17:36:50.800Z,"23km SSW of La Quinta, CA",earthquake,0.1,0.3,0.155,128,reviewed,ci,ci
2022-10-15T03:59:43.844Z,58.2166,-137.8777,10,2.6,ml,15,174,0.911,0.71,us,us6000itvc,2022-10-15T04:11:50.040Z,"90 km W of Elfin Cove, Alaska",earthquake,5.34,1.981,0.069,28,reviewed,us,us
2022-10-15T03:46:49.671Z,31.5954,-103.952,5,2.9,ml,28,69,0.049,0.24,us,us6000itv6,2022-10-15T03:55:18.040Z,"34 km NNW of Toyah, Texas",earthquake,1.42,1.971,0.077,77,reviewed,us,us
2022-10-15T03:27:45.212Z,38.1533,-117.9446,9.8,3.1,ml,25,52.25,0.019,0.1303,nn,nn00849318,2022-10-15T07:46:40.702Z,"29 km SSE of Mina, Nevada",earthquake,,0.6,0.24,8,reviewed,nn,nn
2022-10-15T03:24:34.094Z,31.66941712,-104.4061606,6.671435547,2.5,ml,12,87,0.0257248085,0.3,tx,tx2022ueqd,2022-10-17T21:12:04.322Z,"56 km S of Whites City, New Mexico",earthquake,1.234521058,1.049459532,0.1,18,reviewed,tx,tx
2022-10-15T02:59:59.015Z,45.3107,151.1446,10,4.7,mb,32,183,6.055,0.76,us,us6000ituw,2022-10-15T03:26:13.040Z,"256 km E of Kuril’sk, Russia",earthquake,10.92,1.938,0.079,50,reviewed,us,us
2022-10-15T02:41:22.822Z,-18.8464,-172.4976,10,5.2,mb,29,86,1.437,0.93,us,us6000itur,2022-10-15T02:59:12.040Z,"158 km E of Neiafu, Tonga",earthquake,7.1,1.906,0.096,36,reviewed,us,us
2022-10-15T01:47:51.783Z,47.2691,-114.1547,10,3.2,ml,26,63,0.464,0.62,us,us6000itul,2022-10-18T19:48:44.560Z,"2 km ESE of Ravalli, Montana",earthquake,2.05,2.011,0.041,80,reviewed,us,us
2022-10-15T01:36:54.300Z,19.5386,-63.4566,47,4.08,md,16,322,1.9122,0.11,pr,pr2022288000,2022-10-15T02:26:32.570Z,"north of Anguilla, Leeward Islands",earthquake,1.52,8.34,0.06,4,reviewed,pr,pr
2022-10-15T01:15:08.636Z,-5.3605,153.107,25.2,5.1,mb,46,109,7.136,1.04,us,us6000ituh,2022-10-15T01:56:47.840Z,"145 km SE of Kokopo, Papua New Guinea",earthquake,11.06,5.28,0.06,90,reviewed,us,us
2022-10-15T01:05:50.630Z,19.1193333333333,-155.479833333333,12.93,3.62,md,42,169,,0.22,hv,hv73179392,2022-10-17T23:36:31.243Z,"9 km S of Pāhala, Hawaii",earthquake,0.52,0.34,0.157652493195349,16,reviewed,hv,hv
2022-10-15T00:43:46.951Z,31.60514956,-103.963136,8.548120117,2.7,ml,12,69,0.007388438405,0.1,tx,tx2022uekv,2022-10-17T21:49:51.223Z,"36 km NNW of Toyah, Texas",earthquake,1.066679451,0.8790722128,0.2,18,reviewed,tx,tx
2022-10-15T00:23:45.945Z,31.68068884,-104.4043787,6.542895508,2.9,ml,74,45,0.03402206285,0.3,tx,tx2022ueke,2022-10-17T11:29:22.024Z,"54 km S of Whites City, New Mexico",earthquake,0.647817999,0.8513044363,0.2,37,reviewed,tx,tx
2022-10-15T00:15:28.840Z,17.9385,-66.938,10.62,2.55,md,19,200,,0.17,pr,pr71377123,2022-10-15T00:27:50.070Z,"Puerto Rico region",earthquake,0.66,0.51,0.214805757992368,12,reviewed,pr,pr
2022-10-15T00:12:35.013Z,-59.0561,-25.6029,42.745,5.2,mb,49,71,7.666,0.69,us,us6000ittv,2022-10-15T00:32:04.040Z,"South Sandwich Islands region",earthquake,9.95,7.113,0.063,84,reviewed,us,us
2022-10-14T23:28:04.780Z,16.7912,-98.4421,35,4.9,mb,89,157,0.776,0.72,us,us6000ittg,2022-10-15T00:33:00.641Z,"Guerrero-Oaxaca border region, Mexico",earthquake,8.04,1.939,0.026,452,reviewed,us,us
2022-10-14T21:38:56.637Z,39.353,-119.9641,7.3,2.8,ml,33,42.96,0.073,0.1376,nn,nn00849284,2022-10-15T22:54:27.040Z,"6 km SE of Floriston, California",earthquake,,0.8,0.3,10,reviewed,nn,nn
2022-10-14T21:27:56.520Z,19.1258335113525,-155.500503540039,12.960000038147,2.83,ml,39,227,,0.159999996,hv,hv73179062,2022-10-15T00:34:35.674Z,"8 km SSW of Pāhala, Hawaii",earthquake,0.62,0.360000014,3.3,26,automatic,hv,hv
2022-10-14T21:23:02.605Z,43.0754,-126.2918,13.425,3.4,ml,19,245,1.571,0.51,us,us6000itsl,2022-10-14T22:13:29.040Z,"151 km WNW of Port Orford, Oregon",earthquake,5.61,8.686,0.035,107,reviewed,us,us
2022-10-14T21:04:42.663Z,-60.6439,-19.9249,10,5.3,mww,105,47,10.941,0.66,us,us6000itsi,2022-10-15T22:56:24.040Z,"east of the South Sandwich Islands",earthquake,7.07,1.714,0.098,10,reviewed,us,us
2022-10-14T20:58:04.400Z,19.1480007171631,-155.507171630859,4.5,2.74,ml,35,143,,0.25,hv,hv73179007,2022-10-15T21:02:41.040Z,"6 km SSW of Pāhala, Hawaii",earthquake,0.57,1.05999994,3.48,28,automatic,hv,hv
2022-10-14T20:55:08.860Z,19.1534996032715,-155.496826171875,8.8100004196167,2.94,ml,38,138,,0.219999999,hv,hv73179002,2022-10-15T20:50:46.040Z,"5 km SSW of Pāhala, Hawaii",earthquake,0.44,0.730000019,3.23,28,automatic,hv,hv
2022-10-14T20:52:59.600Z,19.1608333587646,-155.516494750977,6.09999990463257,2.49,ml,37,123,,0.289999992,hv,hv73178992,2022-10-15T20:20:13.040Z,"6 km SW of Pāhala, Hawaii",earthquake,0.48,1.25,3.93,13,automatic,hv,hv
2022-10-14T20:33:12.166Z,19.1532,-155.4828,10,2.5,ml,28,156,0.096,0.5,us,us6000itry,2022-10-15T19:19:39.040Z,"5 km S of Pāhala, Hawaii",earthquake,2.05,1.66,0.055,44,reviewed,us,us
2022-10-14T20:20:30.090Z,-18.246,169.1639,270.827,4.5,mb,55,69,3.357,0.8,us,us6000itrt,2022-10-15T18:18:30.040Z,"106 km ESE of Port-Vila, Vanuatu",earthquake,6.75,6.122,0.086,45,reviewed,us,us
2022-10-14T20:18:36.342Z,16.9733,147.1412,25.438,4.9,mb,86,55,14.858,0.86,us,us6000itrv,2022-10-14T22:28:15.040Z,"244 km NE of Saipan, Northern Mariana Islands",earthquake,11.3,5.669,0.06,97,reviewed,us,us
2022-10-14T20:12:56.220Z,19.1456666666667,-155.486333333333,10.59,3.89,ml,46,160,,0.19,hv,hv73178907,2022-10-18T00:07:14.336Z,"6 km S of Pāhala, Hawaii",earthquake,0.4,0.38,0.206994213050074,38,reviewed,hv,hv
2022-10-14T20:09:19.687Z,-45.0794,95.766,10,5.4,mww,99,44,17.844,0.62,us,us6000itrr,2022-10-15T20:12:13.656Z,"southeast Indian Ridge",earthquake,10.29,1.774,0.073,18,reviewed,us,us
2022-10-14T19:47:59.380Z,19.3040008544922,-155.301162719727,8.9399995803833,2.81,ml,12,172,,0.0799999982,hv,hv73178862,2022-10-15T17:41:20.040Z,"Island of Hawaii, Hawaii",earthquake,0.78,0.860000014,0.16,4,automatic,hv,hv
2022-10-14T19:46:53.760Z,19.1569995880127,-155.505172729492,1.60000002384186,2.82,ml,40,130,,0.239999995,hv,hv73178857,2022-10-15T17:27:54.040Z,"5 km SSW of Pāhala, Hawaii",earthquake,0.4,0.629999995,3.29,26,automatic,hv,hv
2022-10-14T19:42:20.720Z,19.1284999847412,-155.484161376953,10.0299997329712,2.50999999,md,34,166,,0.200000003,hv,hv73178852,2022-10-14T19:52:09.854Z,"Island of Hawaii, Hawaii",earthquake,0.53,0.639999986,0.74000001,20,automatic,hv,hv
2022-10-14T19:33:20.327Z,49.7525,89.9037,10,4.6,mb,90,39,5.251,0.72,us,us6000itqz,2022-10-14T22:21:35.040Z,"33 km S of Kyzyl-Khaya, Russia",earthquake,5.2,1.882,0.06,84,reviewed,us,us
2022-10-14T19:32:55.690Z,19.1703338623047,-155.514999389648,0.639999985694885,2.74,ml,41,112,,0.289999992,hv,hv73178832,2022-10-14T21:48:23.040Z,"5 km SW of Pāhala, Hawaii",earthquake,0.39,0.449999988,3.54,22,automatic,hv,hv
2022-10-14T19:27:28.280Z,19.1569995880127,-155.488662719727,12.75,2.55,ml,31,131,,0.159999996,hv,hv73178817,2022-10-14T21:34:26.040Z,"5 km SSW of Pāhala, Hawaii",earthquake,0.41,0.379999995,3.74,15,automatic,hv,hv
2022-10-14T19:23:42.910Z,19.1286659240723,-155.475173950195,12.5900001525879,2.88,ml,40,167,,0.159999996,hv,hv73178807,2022-10-14T21:22:04.040Z,"8 km S of Pāhala, Hawaii",earthquake,0.49,0.310000002,3.6,29,automatic,hv,hv
2022-10-14T19:16:44.900Z,19.1228333333333,-155.504166666667,11.18,4.01,ml,44,228,,0.13,hv,hv73178797,2022-10-18T00:09:05.827Z,"9 km SSW of Pāhala, Hawaii",earthquake,0.55,0.36,0.184337714770311,38,reviewed,hv,hv
2022-10-14T19:15:37.480Z,19.128999710083,-155.488494873047,12.2600002288818,2.78,ml,41,164,,0.189999998,hv,hv73178792,2022-10-14T21:10:51.040Z,"8 km S of Pāhala, Hawaii",earthquake,0.51,0.430000007,3.54,17,automatic,hv,hv
2022-10-14T19:07:29.020Z,19.14,-155.494,8.99,5.02,ml,51,159,,0.15,hv,hv72000488,2022-10-18T19:17:36.198Z,"7 km SSW of Pāhala, Hawaii",earthquake,0.35,0.4,0.0801454647050575,23,reviewed,hv,hv
2022-10-14T19:07:05.080Z,19.1285,-155.482666666667,11.37,4.6,ml,56,166,,0.18,hv,hv73178772,2022-10-18T00:23:34.181Z,"8 km S of Pāhala, Hawaii",earthquake,0.58,0.36,0.198033415158494,43,reviewed,hv,hv
2022-10-14T18:43:08.950Z,-7.6394,127.7246,127.044,4,mb,19,112,3.558,0.24,us,us6000itq7,2022-10-15T16:46:07.040Z,"126 km NE of Lospalos, Timor Leste",earthquake,7.67,7.178,0.144,16,reviewed,us,us
2022-10-14T17:53:46.322Z,6.3521,126.2177,95.958,4.6,mb,80,56,0.954,0.8,us,us6000itpv,2022-10-14T18:35:16.040Z,"Mindanao, Philippines",earthquake,7.44,6.401,0.067,71,reviewed,us,us
2022-10-14T17:40:41.924Z,-3.8084,103.6884,8.963,4.4,mb,27,95,0.914,0.77,us,us6000itpt,2022-10-15T15:32:02.040Z,"16 km E of Lahat, Indonesia",earthquake,4.96,4.543,0.134,18,reviewed,us,us
2022-10-14T17:31:12.261Z,-31.7231,-71.3635,44.381,4.2,mb,28,149,0.46,0.55,us,us6000itpq,2022-10-15T15:15:04.196Z,"20 km WSW of Illapel, Chile",earthquake,4.13,8.204,0.304,4,reviewed,us,us
2022-10-14T17:24:22.310Z,35.0453333,-118.9916667,13.1,2.72,ml,59,46,0.07674,0.26,ci,ci40360984,2022-10-14T22:10:17.035Z,"13km NNW of Grapevine, CA",earthquake,0.25,0.7,0.139,25,reviewed,ci,ci
2022-10-14T17:03:47.841Z,32.26593018,-101.9177544,8.583618164,2.9,ml,27,52,0.02992621725,0.2,tx,tx2022udvq,2022-10-14T19:00:33.040Z,"19 km NW of Stanton, Texas",earthquake,0.8270501358,1.097754722,0.1,13,reviewed,tx,tx
2022-10-14T15:49:14.647Z,58.2617,-133.6924,5.5,2.7,ml,,,,0.63,ak,ak022d6wgn0o,2022-10-14T17:01:00.040Z,"42 km E of Juneau, Alaska",earthquake,,1,,,automatic,ak,ak
2022-10-14T15:20:17.180Z,19.4551658630371,-155.601165771484,-1.67999994754791,2.85,ml,42,64,,0.289999992,hv,hv73178542,2022-10-14T20:27:09.179Z,"27 km E of Honaunau-Napoopoo, Hawaii",earthquake,0.4,0.439999998,3.5,24,automatic,hv,hv
2022-10-14T14:54:51.429Z,35.95033333,-97.874,7.32,2.74,ml,100,42,0,0.18,ok,ok2022udrk,2022-10-14T18:53:28.528Z,"4 km SE of Dover, Oklahoma",earthquake,,0.4,0.2,35,reviewed,ok,ok
2022-10-14T14:32:51.958Z,32.00364424,-103.8175224,8.535266113,3.4,ml,73,21,0.01449918825,0.3,tx,tx2022udqr,2022-10-14T19:00:28.519Z,"34 km SE of Malaga, New Mexico",earthquake,0.3460482098,0.3574379692,0.1,33,reviewed,tx,tx
2022-10-14T14:30:05.123Z,-45.1686,95.9091,10,4.9,mb,32,94,20.516,1.06,us,us6000itnq,2022-10-14T14:59:29.040Z,"southeast Indian Ridge",earthquake,10.05,1.886,0.099,32,reviewed,us,us
2022-10-14T14:04:40.870Z,17.9421666666667,-66.8713333333333,13.1,2.46,md,7,216,,0.19,pr,pr71377033,2022-10-14T14:43:00.400Z,"4 km SSE of Maria Antonia, Puerto Rico",earthquake,1.01,0.61,0.0677067014641208,5,reviewed,pr,pr
2022-10-14T13:37:51.190Z,18.0448333333333,-66.7688333333333,17.17,2.56,md,13,94,,0.1,pr,pr71377028,2022-10-14T13:57:59.230Z,"2 km SW of Santo Domingo, Puerto Rico",earthquake,0.39,0.47,0.232506720854903,8,reviewed,pr,pr
2022-10-14T13:19:14.340Z,9.1822,93.9906,10,4.5,mb,26,81,2.747,0.55,us,us6000itm8,2022-10-15T07:30:23.040Z,"Nicobar Islands, India region",earthquake,8.23,1.844,0.163,14,reviewed,us,us
2022-10-14T13:02:42.326Z,60.2117,-153.1695,155.9,3.1,ml,,,,0.66,ak,ak022d6uzrbr,2022-10-15T06:25:51.040Z,"63 km E of Port Alsworth, Alaska",earthquake,,0.5,,,automatic,ak,ak
2022-10-14T11:19:32.573Z,13.1387,-89.8771,59.928,4.1,mb,42,192,0.66,0.47,us,us6000itlv,2022-10-14T11:54:28.040Z,"El Salvador",earthquake,6.69,9.759,0.093,32,reviewed,us,us
2022-10-14T10:39:09.461Z,-20.1123,169.0174,35,4.7,mb,49,83,2.887,0.37,us,us6000itl7,2022-10-14T11:43:42.040Z,"68 km SSW of Isangel, Vanuatu",earthquake,7.54,1.901,0.079,50,reviewed,us,us
2022-10-14T10:05:17.093Z,-20.9233,-178.6842,565.938,5.5,mww,109,37,3.26,0.66,us,us6000itl5,2022-10-17T20:53:41.040Z,"Fiji region",earthquake,7.43,7.341,0.098,10,reviewed,us,us
2022-10-14T09:56:49.050Z,18.8213333333333,-67.1743333333333,26.35,2.77,md,10,269,,0.07,pr,pr71376988,2022-10-14T10:27:52.250Z,"37 km NNW of San Antonio, Puerto Rico",earthquake,0.61,1.5,0.0490933540579914,11,reviewed,pr,pr
2022-10-14T09:41:41.763Z,56.2619,-149.3881,10,3,ml,25,257,2.319,0.45,us,us6000itpd,2022-10-17T09:53:00.040Z,"231 km SE of Chiniak, Alaska",earthquake,8.08,2.02,0.051,50,reviewed,us,us
2022-10-14T08:30:22.930Z,18.9028333333333,-65.2543333333333,42.19,3.4,md,11,250,,0.21,pr,pr71376968,2022-10-14T09:02:17.640Z,"Puerto Rico region",earthquake,1.24,3.73,0.00655075101202307,3,reviewed,pr,pr
2022-10-14T08:11:39.360Z,17.9186666666667,-66.862,14.91,2.68,md,13,224,,0.12,pr,pr71376953,2022-10-14T08:29:49.290Z,"Puerto Rico region",earthquake,0.56,0.45,0.0737511821765691,2,reviewed,pr,pr
2022-10-14T07:27:08.251Z,58.3442,-133.3044,0,2.6,ml,,,,1.2,ak,ak022d6rkfxl,2022-10-14T07:40:29.040Z,"65 km E of Juneau, Alaska",earthquake,,0.4,,,automatic,ak,ak
2022-10-14T06:48:16.504Z,-16.1464,168.011,176.362,4.5,mb,20,93,1.043,0.79,us,us6000itks,2022-10-14T07:10:32.040Z,"63 km E of Lakatoro, Vanuatu",earthquake,11.31,7.727,0.139,15,reviewed,us,us
2022-10-14T06:23:40.880Z,19.4136657714844,-155.273330688477,0.100000001490116,2.52,ml,26,53,,0.25,hv,hv73178082,2022-10-14T20:26:54.958Z,"5 km SW of Volcano, Hawaii",earthquake,0.23,0.379999995,0.45,18,automatic,hv,hv
2022-10-14T05:08:12.162Z,-31.64,-178.0297,35,4.8,mb,22,79,2.372,1.04,us,us6000itkk,2022-10-14T06:00:39.040Z,"Kermadec Islands region",earthquake,7.82,1.919,0.128,19,reviewed,us,us
2022-10-14T03:08:46.293Z,-24.0009,-66.7022,193.173,4.5,mb,48,58,1.711,1.06,us,us6000itjw,2022-10-14T03:26:38.040Z,"45 km WNW of San Antonio de los Cobres, Argentina",earthquake,5.02,7.127,0.068,63,reviewed,us,us
2022-10-14T02:12:53.128Z,-30.1182,-177.6786,39.576,5,mb,23,115,0.879,0.92,us,us6000itjh,2022-10-14T02:31:10.040Z,"Kermadec Islands, New Zealand",earthquake,6.72,8.165,0.1,35,reviewed,us,us
2022-10-14T01:59:55.460Z,18.7466666666667,-67.1776666666667,60.02,3.21,md,16,213,,0.16,pr,pr71376948,2022-10-14T02:51:18.840Z,"29 km NNW of San Antonio, Puerto Rico",earthquake,0.65,1.03,0.0212936250355691,3,reviewed,pr,pr
2022-10-14T01:34:35.496Z,52.8522,-35.0344,10,4.8,mb,59,103,10.993,0.8,us,us6000itj1,2022-10-14T01:55:29.040Z,"Reykjanes Ridge",earthquake,9.78,1.894,0.041,186,reviewed,us,us
2022-10-14T01:29:52.240Z,10.7432,-86.5449,32.14,4.4,mb,30,189,1.204,0.69,us,us6000itiw,2022-10-14T01:46:14.040Z,"92 km SW of San Juan del Sur, Nicaragua",earthquake,6.17,3.701,0.056,91,reviewed,us,us
2022-10-14T01:08:32.170Z,17.952,-67.003,9.74,2.51,md,7,216,,0.08,pr,pr71376933,2022-10-14T01:43:48.960Z,"5 km ESE of La Parguera, Puerto Rico",earthquake,0.4,0.65,0.00529840718453212,5,reviewed,pr,pr
2022-10-14T00:53:53.483Z,52.0524,105.7084,10,4.9,mb,84,31,1.333,0.57,us,us6000itir,2022-10-14T06:58:31.076Z,"37 km W of Istok, Russia",earthquake,6.88,1.839,0.034,276,reviewed,us,us
2022-10-14T00:30:27.390Z,58.292,-133.6724,10.493,3.1,ml,9,172,0.446,0.92,us,us6000itik,2022-10-14T09:18:18.948Z,"Southeastern Alaska",earthquake,2.77,6.24,0.06,36,reviewed,us,us
2022-10-13T23:58:22.468Z,23.3598,82.4164,10,4.9,mb,93,43,5.121,0.79,us,us6000itig,2022-10-17T19:14:05.299Z,"18 km NW of Baikunthpur, India",earthquake,8.71,1.84,0.049,131,reviewed,us,us
2022-10-13T23:37:31.249Z,53.4423,-163.7869,35,3.8,mb,26,204,1.135,0.46,us,us6000iti7,2022-10-15T22:18:39.040Z,"152 km ESE of Akutan, Alaska",earthquake,4.68,2.014,0.161,10,reviewed,us,us
2022-10-13T23:36:17.370Z,-33.3831,-177.7685,10,4.8,mb,27,78,5.257,0.74,us,us6000iti8,2022-10-14T00:05:32.040Z,"south of the Kermadec Islands",earthquake,11.76,1.917,0.103,29,reviewed,us,us
2022-10-13T22:40:19.320Z,47.709,-117.53916666666667,-0.68,2.93,md,6,129,0.2839,0.1,uw,uw61878732,2022-10-17T02:22:48.423Z,"8 km NNE of Airway Heights, Washington",explosion,0.43,31.61,0.04685658265061843,3,reviewed,uw,uw
2022-10-13T22:20:20.827Z,-4.8122,153.5841,72,6.4,mww,113,20,1.545,0.87,us,us6000itgv,2022-10-15T22:27:53.048Z,"154 km ESE of Kokopo, Papua New Guinea",earthquake,7.51,1.941,0.049,40,reviewed,us,us
2022-10-13T22:06:03.590Z,19.0909996032715,-155.364501953125,30.9400005340576,2.76,ml,46,200,,0.129999995,hv,hv73177657,2022-10-14T19:26:17.717Z,"17 km SE of Pāhala, Hawaii",earthquake,0.57,0.870000005,3.53,27,automatic,hv,hv
2022-10-13T21:03:42.990Z,60.3241,-143.284,0,2.7,ml,,,,1.02,ak,ak022d5c83ez,2022-10-13T21:12:54.040Z,"125 km S of McCarthy, Alaska",earthquake,,0.2,,,automatic,ak,ak
2022-10-13T19:53:16.919Z,-8.5207,159.3119,10.552,4.6,mb,18,112,1.107,0.44,us,us6000itfx,2022-10-13T20:31:13.040Z,"51 km SW of Buala, Solomon Islands",earthquake,10.88,5.199,0.146,14,reviewed,us,us
2022-10-13T19:41:29.422Z,7.7787,126.7791,82.57,4.4,mb,23,80,1.383,0.6,us,us6000itfk,2022-10-13T20:05:33.040Z,"27 km ENE of Kinablangan, Philippines",earthquake,12.33,9.947,0.134,16,reviewed,us,us
2022-10-13T19:22:40.100Z,19.0581666666667,-67.1021666666667,5.61,3.02,md,9,288,,0.32,pr,pr71376833,2022-10-13T20:04:20.130Z,"62 km N of Isabela, Puerto Rico",earthquake,2.51,2.75,0.0372734841877378,3,reviewed,pr,pr
2022-10-13T18:16:58.350Z,5.4288,126.31,54.854,4.6,mb,52,116,1.785,0.67,us,us6000itet,2022-10-13T19:58:12.040Z,"91 km SE of Caburan, Philippines",earthquake,8.31,7.666,0.069,63,reviewed,us,us
2022-10-13T17:30:15.813Z,-11.4191,163.4139,10,4.9,mb,44,82,3.937,0.87,us,us6000itea,2022-10-13T19:48:54.040Z,"195 km ESE of Kirakira, Solomon Islands",earthquake,10.17,1.871,0.066,72,reviewed,us,us
2022-10-13T17:26:06.988Z,41.8637,-126.1976,10,2.8,ml,41,246,1.876,0.94,us,us6000ite3,2022-10-13T19:41:09.040Z,"156 km WSW of Pistol River, Oregon",earthquake,3.81,2.019,0.044,68,reviewed,us,us
2022-10-13T17:21:45.060Z,36.98083333,-97.49333333,6.18,2.67,ml,91,73,0,0.3,ok,ok2022ucat,2022-10-13T19:36:38.040Z,"8 km WSW of Hunnewell, Kansas",earthquake,,0.6,0.22,37,reviewed,ok,ok
2022-10-13T17:19:04.770Z,41.8917,-126.1523,10,4.4,mb,68,194,1.832,1.18,us,us6000itdq,2022-10-18T23:56:16.111Z,"151 km WSW of Pistol River, Oregon",earthquake,6.53,1.978,0.079,46,reviewed,us,us
2022-10-13T16:44:58.832Z,-19.7575,-70.2082,44.395,4,mb,11,182,0.516,0.5,us,us6000itdf,2022-10-14T00:08:27.041Z,"50 km N of Iquique, Chile",earthquake,5.78,10.669,0.365,2,reviewed,us,us
2022-10-13T14:55:16.519Z,35.95316667,-97.87283333,5.7,2.61,ml,61,51,0.09358163609,0.39,ok,ok2022ubvy,2022-10-13T16:06:17.040Z,"4 km SE of Dover, Oklahoma",earthquake,,1,0.24,29,reviewed,ok,ok
2022-10-13T14:03:54.424Z,-40.3742,173.437,162.521,5,mww,66,40,0.825,0.8,us,us6000itam,2022-10-18T05:17:04.945Z,"Cook Strait, New Zealand",earthquake,6.87,5.965,0.08,15,reviewed,us,us
2022-10-13T13:40:13.187Z,-18.9327,65.1478,10,4.6,mb,22,136,1.867,1.15,us,us6000ital,2022-10-13T14:10:05.040Z,"200 km ENE of Port Mathurin, Mauritius",earthquake,7.95,1.799,0.133,17,reviewed,us,us
2022-10-13T13:35:26.070Z,19.1283333333333,-67.1888333333333,16.97,3.05,md,8,311,,0.24,pr,pr71376713,2022-10-13T14:28:07.460Z,"71 km N of San Antonio, Puerto Rico",earthquake,7.15,14.35,0.0291638397822411,6,reviewed,pr,pr
2022-10-13T12:58:14.982Z,23.6908,121.5802,10,4.9,mb,22,105,0.395,0.46,us,us6000ita8,2022-10-13T13:44:24.040Z,"31 km S of Hualien City, Taiwan",earthquake,1.97,1.897,0.126,20,reviewed,us,us
2022-10-13T12:51:53.073Z,55.7876,-159.6897,66.6,3.4,ml,,,,0.8,ak,ak022d575i1z,2022-10-13T13:21:42.040Z,"18 km SW of Ivanof Bay, Alaska",earthquake,,0.5,,,automatic,ak,ak
2022-10-13T11:47:15.870Z,19.2526664733887,-155.382827758789,32.0200004577637,2.73000002,md,39,139,,0.129999995,hv,hv73177032,2022-10-13T11:50:31.410Z,"11 km ENE of Pāhala, Hawaii",earthquake,0.58,0.930000007,1.36000001,3,automatic,hv,hv
2022-10-13T11:46:21.938Z,18.8644,-102.5946,97.442,4.7,mb,47,216,1.508,0.99,us,us6000it9k,2022-10-13T13:32:55.722Z,"18 km SE of Bonifacio Moreno (El Aguaje), Mexico",earthquake,10.24,6.846,0.047,139,reviewed,us,us
2022-10-13T11:32:25.080Z,18.1905,-67.2725,19.52,2.63,md,13,178,,0.23,pr,pr71376678,2022-10-13T11:47:56.380Z,"14 km SW of La Playa, Puerto Rico",earthquake,0.94,0.44,0.0483486240152549,6,reviewed,pr,pr
2022-10-13T11:11:03.030Z,44.7846667,-110.8053333,11.68,2.85,ml,33,58,0.09288,0.2,uu,uu60520327,2022-10-15T02:06:40.296Z,"22 km SSW of Mammoth, Wyoming",earthquake,0.37,0.52,0.266,8,reviewed,uu,uu
2022-10-13T11:08:25.090Z,17.2708,-67.8718,38,3.63,md,21,260,0.8083,0.42,pr,pr2022286003,2022-10-13T11:38:41.501Z,"106 km SW of Pole Ojea, Puerto Rico",earthquake,2.11,10.91,0.1,10,reviewed,pr,pr
2022-10-13T10:41:17.240Z,17.8505,-66.8846666666667,12.16,2.56,md,4,304,,0.04,pr,pr71376653,2022-10-13T12:00:56.070Z,"13 km S of Guánica, Puerto Rico",earthquake,1.52,1.7,0.0980899105643322,3,reviewed,pr,pr
2022-10-13T09:14:44.420Z,31.8176667,-116.0706667,18.12,2.57,ml,15,126,0.2138,0.14,ci,ci40360296,2022-10-13T21:21:21.332Z,"48km ENE of Maneadero, B.C., MX",earthquake,0.33,0.56,0.138,25,reviewed,ci,ci
2022-10-13T08:08:43.620Z,17.6175,-68.354,54,3.9,md,21,261,0.8968,0.54,pr,pr2022286002,2022-10-13T10:39:08.697Z,"Dominican Republic region",earthquake,3.82,8.81,0.08,10,reviewed,pr,pr
2022-10-13T07:40:44.680Z,18.513,-67.4991666666667,9.08,2.79,md,25,177,,0.39,pr,pr71376623,2022-10-13T08:04:07.770Z,"32 km NW of Rincón, Puerto Rico",earthquake,0.99,0.8,0.101798998294062,11,reviewed,pr,pr
2022-10-13T07:31:40.400Z,19.1256,-68.6296,29,3.65,md,16,278,0.6601,0.56,pr,pr2022286001,2022-10-13T08:57:34.946Z,"Dominican Republic region",earthquake,4.74,21.82,0.12,9,reviewed,pr,pr
2022-10-13T07:30:09.641Z,60.0184,-153.0049,114.4,2.5,ml,,,,1.02,ak,ak022d541qpu,2022-10-13T07:42:54.553Z,"66 km ENE of Pedro Bay, Alaska",earthquake,,0.5,,,automatic,ak,ak
2022-10-13T07:02:51.680Z,19.4435005187988,-155.614669799805,-2.08999991416931,2.47,ml,37,66,,0.280000001,hv,hv73176742,2022-10-13T07:30:58.040Z,"26 km E of Honaunau-Napoopoo, Hawaii",earthquake,0.36,0.5,4.39,10,automatic,hv,hv
2022-10-13T06:20:41.998Z,44.7902,150.2924,10,5,mb,67,136,5.553,1.07,us,us6000it8a,2022-10-13T06:42:07.040Z,"196 km ESE of Kuril’sk, Russia",earthquake,9.8,1.89,0.03,357,reviewed,us,us
2022-10-13T04:59:28.790Z,18.6445,-67.8475,75,4,md,31,188,0.4509,0.36,pr,pr2022286000,2022-10-13T20:37:39.040Z,"59 km E of Punta Cana, Dominican Republic",earthquake,1.68,1.38,0.09,27,reviewed,pr,pr
2022-10-13T03:41:21.241Z,58.335,-133.4492,0,2.6,ml,,,,0.41,ak,ak022d51qe1o,2022-10-13T05:11:16.040Z,"56 km E of Juneau, Alaska",earthquake,,0.4,,,automatic,ak,ak
2022-10-13T03:31:40.100Z,35.94766667,-97.87333333,6.33,2.47,ml,95,33,0,0.18,ok,ok2022uazj,2022-10-13T12:28:21.381Z,"5 km SE of Dover, Oklahoma",earthquake,,0.4,0.23,42,reviewed,ok,ok
2022-10-13T01:55:50.678Z,2.3252,95.8918,10,4.5,mb,41,117,1.965,0.34,us,us6000it79,2022-10-13T04:40:08.040Z,"56 km WSW of Sinabang, Indonesia",earthquake,5.97,1.817,0.109,25,reviewed,us,us
2022-10-13T01:44:25.890Z,19.1506671905518,-155.503173828125,33.3300018310547,2.52999997,md,43,140,,0.119999997,hv,hv73176377,2022-10-13T02:05:07.625Z,"6 km SSW of Pāhala, Hawaii",earthquake,0.64,0.75999999,1.20000005,28,automatic,hv,hv
2022-10-13T01:20:54.675Z,-6.0394,150.3608,10,4.9,mb,40,68,4.609,0.64,us,us6000it72,2022-10-13T04:17:23.733Z,"59 km SSE of Kimbe, Papua New Guinea",earthquake,11.29,1.744,0.106,28,reviewed,us,us
2022-10-12T23:09:22.873Z,34.5061,29.0325,31.768,4.1,mb,30,161,1.785,0.73,us,us6000it5z,2022-10-13T07:47:57.197Z,"196 km SSW of Kaş, Turkey",earthquake,7.23,5.434,0.102,26,reviewed,us,us
2022-10-12T22:44:54.465Z,38.834,16.6971,33.741,4.3,mb,64,56,0.348,1.06,us,us6000it5n,2022-10-12T23:03:05.040Z,"5 km ESE of Barone, Italy",earthquake,4.3,2.625,0.096,31,reviewed,us,us
2022-10-12T22:22:16.199Z,35.94266667,-97.88483333,6.6,3.15,ml,94,33,0,0.16,ok,ok2022uapd,2022-10-13T22:24:48.340Z,"4 km SSE of Dover, Oklahoma",earthquake,,0.3,0.26,38,reviewed,ok,ok
2022-10-12T22:09:07.278Z,53.2129,-170.0289,232.683,3.2,ml,21,170,0.398,0.41,us,us6000it6i,2022-10-13T00:59:42.040Z,"83 km WNW of Nikolski, Alaska",earthquake,13.15,7.832,0.077,22,reviewed,us,us
2022-10-12T21:50:57.550Z,17.7061,-63.507,43,3.94,md,18,223,0.5528,0.28,pr,pr2022285001,2022-10-13T00:22:13.040Z,"28 km WNW of The Bottom, Bonaire, Saint Eustatius and Saba ",earthquake,1.28,2.78,0.11,14,reviewed,pr,pr
2022-10-12T21:35:48.539Z,31.55597654,-104.1427634,7.596923828000001,2.8,ml,17,64,0.07861844422,0.2,tx,tx2022uanq,2022-10-13T03:11:21.833Z,"42 km NW of Toyah, Texas",earthquake,1.0983056259999997,1.427618024,0.2,15,reviewed,tx,tx
2022-10-12T19:58:31.508Z,45.4045,147.9936,170.278,4.1,mb,16,136,4.056,0.95,us,us6000iuju,2022-10-18T20:10:54.040Z,"21 km NNE of Kuril’sk, Russia",earthquake,14.88,8.773,0.261,5,reviewed,us,us
2022-10-12T19:42:55.620Z,39.0688333,-123.0976667,5.41,2.73,md,66,51,0.148,0.14,nc,nc73792771,2022-10-18T20:02:26.040Z,"9km SE of Talmage, CA",earthquake,0.15,0.81,0.201,65,reviewed,nc,nc
2022-10-12T19:32:40.786Z,-57.9844,-24.6654,10,4.1,mb,10,108,7.573,0.59,us,us6000iuk2,2022-10-18T19:58:57.040Z,"South Sandwich Islands region",earthquake,14.82,1.907,0.26,4,reviewed,us,us
2022-10-12T18:10:07.873Z,17.1475,147.4147,25.295,4.5,mb,18,106,4.307,1.13,us,us6000iujs,2022-10-18T19:33:06.040Z,"278 km NE of Saipan, Northern Mariana Islands",earthquake,9.99,6.158,0.241,6,reviewed,us,us
2022-10-12T17:57:12.635Z,-12.4656,-75.3951,98.397,4.7,mb,28,99,1.492,0.74,us,us6000iujx,2022-10-18T19:08:11.040Z,"20 km SW of Chacapampa, Peru",earthquake,5.14,7.592,0.147,14,reviewed,us,us
2022-10-12T17:23:04.609Z,-6.2709,150.3541,10,4.3,mb,19,136,2.741,0.99,us,us6000iujr,2022-10-18T18:56:11.040Z,"83 km SSE of Kimbe, Papua New Guinea",earthquake,11.37,1.892,0.148,13,reviewed,us,us
2022-10-12T17:00:08.452Z,-8.8661,126.6762,12.806,4.5,mb,33,59,2.536,0.72,us,us6000it2v,2022-10-18T18:41:17.040Z,"34 km E of Viqueque, Timor Leste",earthquake,7.4,4.698,0.118,21,reviewed,us,us
2022-10-12T16:33:44.390Z,54.4805,-159.7635,27.664,2.9,ml,17,255,0.366,0.69,us,us6000it41,2022-10-12T21:44:17.040Z,"106 km SSE of Sand Point, Alaska",earthquake,5.65,12.2,0.077,22,reviewed,us,us
2022-10-12T15:09:58.328Z,-30.7799,-71.4288,59.227,4.7,mb,45,58,0.207,0.43,us,us6000it1l,2022-10-12T16:03:33.040Z,"29 km SW of Ovalle, Chile",earthquake,5.45,5.359,0.104,30,reviewed,us,us
2022-10-12T14:52:11.638Z,58.2812,-133.5987,8.582,3,ml,13,107,0.486,0.4,us,us6000it1j,2022-10-14T15:27:58.040Z,"48 km E of Juneau, Alaska",earthquake,2.54,6.479,0.062,34,reviewed,us,us
2022-10-12T14:38:40.393Z,58.3503,-133.4546,0,2.8,ml,,,,0.94,ak,ak022d3kq7jb,2022-10-14T14:39:14.040Z,"56 km E of Juneau, Alaska",earthquake,,0.3,,,automatic,ak,ak
2022-10-12T13:14:05.336Z,-7.4748,128.2901,160.178,5,mww,131,38,3.024,0.73,us,us6000it0x,2022-10-15T22:28:45.471Z,"183 km NE of Lospalos, Timor Leste",earthquake,6.72,5.012,0.073,18,reviewed,us,us
2022-10-12T12:54:07.000Z,35.0486667,-118.9958333,12.27,3.67,mw,81,19,0.07285,0.27,ci,ci40359712,2022-10-19T02:35:52.541Z,"13km NNW of Grapevine, CA",earthquake,0.19,0.64,,4,reviewed,ci,ci
2022-10-12T12:36:09.591Z,59.8263,-153.7234,169.8,2.9,ml,,,,0.47,ak,ak022d3jiuj7,2022-10-12T12:46:46.040Z,"21 km ENE of Pedro Bay, Alaska",earthquake,,0.4,,,automatic,ak,ak
2022-10-12T12:07:31.825Z,55.597,-157.5426,8.7,3.2,ml,,,,1.06,ak,ak022d3jcogu,2022-10-12T12:26:17.040Z,"94 km SE of Chignik, Alaska",earthquake,,0.8,,,automatic,ak,ak
2022-10-12T10:58:10.881Z,-17.727,-178.8071,566.135,4.6,mb,45,65,2.993,0.99,us,us6000it0g,2022-10-12T11:30:24.040Z,"202 km E of Levuka, Fiji",earthquake,12.82,8.572,0.091,36,reviewed,us,us
2022-10-12T10:19:48.688Z,55.4026,-157.0584,10,3.4,ml,,,,0.91,ak,ak022d3i8f5x,2022-10-13T06:13:53.143Z,"130 km SE of Chignik, Alaska",earthquake,,0,,,reviewed,ak,ak
2022-10-12T10:12:39.371Z,-53.1167,140.1022,10,4.7,mb,29,89,15.992,0.9,us,us6000it00,2022-10-12T10:30:18.040Z,"west of Macquarie Island",earthquake,13.65,1.909,0.106,27,reviewed,us,us
2022-10-12T10:02:13.815Z,36.9412,95.8138,10,4.8,mb,28,101,13.388,0.49,us,us6000isz0,2022-10-12T10:22:26.040Z,"northern Qinghai, China",earthquake,9.46,1.764,0.127,19,reviewed,us,us
2022-10-12T09:32:11.670Z,18.1663333333333,-66.9356666666667,21.44,2.45,md,7,176,,0.12,pr,pr71376443,2022-10-12T10:18:52.090Z,"4 km ESE of Maricao, Puerto Rico",earthquake,0.73,1.69,0.0312900370452618,6,reviewed,pr,pr
2022-10-12T09:15:48.182Z,55.4493,-157.025,2.6,3.7,ml,,,,0.69,ak,ak022d3hm4tb,2022-10-12T09:34:50.040Z,"127 km SE of Chignik, Alaska",earthquake,,0.5,,,reviewed,ak,ak
2022-10-12T09:10:38.737Z,49.0415,157.9569,10,5,mww,165,99,4.011,0.53,us,us6000isyk,2022-10-12T10:02:26.040Z,"east of the Kuril Islands",earthquake,8.04,1.843,0.086,13,reviewed,us,us
2022-10-12T08:50:05.411Z,-3.2303,136.8116,61.428,4.9,mb,22,196,4.567,0.59,us,us6000isyg,2022-10-12T09:13:10.040Z,"Papua, Indonesia",earthquake,11.67,13.835,0.155,17,reviewed,us,us
2022-10-12T08:34:59.142Z,56.2102,-154.1732,6.6,4.5,ml,,,,0.54,ak,ak022d3h4vns,2022-10-12T08:57:38.040Z,"81 km S of Akhiok, Alaska",earthquake,,0.9,,,reviewed,ak,ak
2022-10-12T08:31:50.900Z,18.1783333333333,-67.0415,23.43,2.69,md,17,70,,0.13,pr,pr71376433,2022-10-12T10:19:49.948Z,"Mona Passage",earthquake,0.25,0.73,0.136655821860892,12,reviewed,pr,pr
2022-10-12T07:32:50.101Z,-42.3558,172.1014,10,4,mwr,25,107,0.444,0.53,us,us6000isy5,2022-10-12T09:58:19.614Z,"75 km E of Greymouth, New Zealand",earthquake,1.97,1.997,0.086,13,reviewed,us,us
2022-10-12T06:38:11.860Z,17.9251666666667,-66.8561666666667,17.42,2.48,md,13,221,,0.12,pr,pr71376408,2022-10-12T07:51:42.850Z,"6 km SSE of Maria Antonia, Puerto Rico",earthquake,0.57,0.43,0.0664472816809754,10,reviewed,pr,pr
2022-10-12T05:42:54.857Z,-23.4745,-179.7912,521.165,4.4,mb,39,101,4.828,0.98,us,us6000isxp,2022-10-12T06:04:14.040Z,"south of the Fiji Islands",earthquake,13.55,9.188,0.052,106,reviewed,us,us
2022-10-12T04:56:24.370Z,26.7151,126.4982,123.543,4.6,mb,64,64,1.591,0.62,us,us6000isxf,2022-10-18T23:54:32.040Z,"130 km WNW of Naha, Japan",earthquake,8.22,6.975,0.065,70,reviewed,us,us
2022-10-12T04:45:03.869Z,36.0195,140.1195,79.294,4.4,mb,39,115,1.629,0.48,us,us6000iujd,2022-10-18T23:44:59.040Z,"5 km SW of Naka, Japan",earthquake,6.76,4.762,0.19,8,reviewed,us,us
2022-10-12T03:55:39.645Z,-1.5178,99.8911,40,4.2,mb,24,187,3.635,0.63,us,us6000iujc,2022-10-18T23:12:36.040Z,"81 km SW of Padang, Indonesia",earthquake,11.03,1.988,0.176,9,reviewed,us,us
2022-10-12T03:54:41.478Z,-15.9249,-72.7095,91.964,4.1,mb,24,132,3.323,0.65,us,us6000isx3,2022-10-18T22:37:03.040Z,"11 km SW of Iray, Peru",earthquake,9.4,13.234,0.213,6,reviewed,us,us
